Workbook

Sheet Cover
A1: ISO/IEC 27001:2022 Gap Assessment
A2: Annex A Control Gap Assessment & Remediation Roadmap
A4: Client (fictional) | B4: Meridian Analytics Ltd
A5: Scope | B5: Meridian Analytics' SaaS analytics platform, corporate IT, and supporting business processes (UK head office + remote workforce)
A6: Assessment date | B6: 46266
A7: Assessor | B7: Sanika Mahamulkar
A8: Context | B8: Meridian Analytics holds ISO/IEC 27001:2013 certification. This assessment was performed ahead of the transition audit to the 2022 revision, to identify gaps against the restructured Annex A control set before the Stage 2 transition audit.
A10: Maturity Rating Legend
A11: Not Implemented (0) | B11: No control activity in place.
A12: Ad Hoc (1) | B12: Control activity occurs informally, with no defined process.
A13: Partially Implemented (2) | B13: Control is in place but incomplete, inconsistent, or not technically enforced.
A14: Implemented - Not Reviewed (3) | B14: Control is fully operating but has not yet had a formal effectiveness review.
A15: Implemented - Reviewed & Effective (4) | B15: Control is operating and has been reviewed/evidenced as effective.
A17: Priority / Remediation SLA Legend
A18: High | B18: Target remediation within 60 days of assessment date.
A19: Medium | B19: Target remediation within 120 days of assessment date.
A20: Low | B20: Target remediation within 180 days of assessment date; typically a formal-review gap rather than a true control gap.
A21: N/A - Maintain | B21: Control is mature; no remediation required, maintain and re-review periodically.
A23: Note
A24: This is a self-directed portfolio project modelling a real ISO/IEC 27001:2022 Annex A gap assessment methodology against a fictional company. All findings, maturity ratings, and dates are illustrative.

Sheet Dashboard
A1: ISO/IEC 27001:2022 Gap Assessment - Dashboard
A3: Total controls assessed | B3: =COUNTA('Gap Assessment Matrix'!A3:A95) -> 93
A4: Findings requiring action (High + Medium priority) | B4: =COUNTIFS('Gap Assessment Matrix'!G3:G95,"High")+COUNTIFS('Gap Assessment Matrix'!G3:G95,"Medium") -> 17
A5: Overall average maturity score (0-4 scale) | B5: =AVERAGE('Gap Assessment Matrix'!J3:J95) -> 3.311828
A6: Percent of controls at maturity 3 or 4 | B6: =COUNTIFS('Gap Assessment Matrix'!J3:J95,">=3")/COUNTA('Gap Assessment Matrix'!J3:J95) -> 0.8172043
A9: Controls by Theme and Maturity
A10: Theme | B10: Not Implemented | C10: Ad Hoc | D10: Partially Implemented | E10: Implemented - Not Reviewed | F10: Implemented - Reviewed & Effective
A11: Organizational | B11: =COUNTIFS('Gap Assessment Matrix'!$C$3:$C$95,$A11,'Gap Assessment Matrix'!$D$3:$D$95,B$10) -> 4 | C11: =COUNTIFS('Gap Assessment Matrix'!$C$3:$C$95,$A11,'Gap Assessment Matrix'!$D$3:$D$95,C$10) -> 0 | D11: =COUNTIFS('Gap Assessment Matrix'!$C$3:$C$95,$A11,'Gap Assessment Matrix'!$D$3:$D$95,D$10) -> 2 | E11: =COUNTIFS('Gap Assessment Matrix'!$C$3:$C$95,$A11,'Gap Assessment Matrix'!$D$3:$D$95,E$10) -> 6 | F11: =COUNTIFS('Gap Assessment Matrix'!$C$3:$C$95,$A11,'Gap Assessment Matrix'!$D$3:$D$95,F$10) -> 25
A12: People | B12: =COUNTIFS('Gap Assessment Matrix'!$C$3:$C$95,$A12,'Gap Assessment Matrix'!$D$3:$D$95,B$10) -> 0 | C12: =COUNTIFS('Gap Assessment Matrix'!$C$3:$C$95,$A12,'Gap Assessment Matrix'!$D$3:$D$95,C$10) -> 0 | D12: =COUNTIFS('Gap Assessment Matrix'!$C$3:$C$95,$A12,'Gap Assessment Matrix'!$D$3:$D$95,D$10) -> 1 | E12: =COUNTIFS('Gap Assessment Matrix'!$C$3:$C$95,$A12,'Gap Assessment Matrix'!$D$3:$D$95,E$10) -> 1 | F12: =COUNTIFS('Gap Assessment Matrix'!$C$3:$C$95,$A12,'Gap Assessment Matrix'!$D$3:$D$95,F$10) -> 6
A13: Physical | B13: =COUNTIFS('Gap Assessment Matrix'!$C$3:$C$95,$A13,'Gap Assessment Matrix'!$D$3:$D$95,B$10) -> 0 | C13: =COUNTIFS('Gap Assessment Matrix'!$C$3:$C$95,$A13,'Gap Assessment Matrix'!$D$3:$D$95,C$10) -> 0 | D13: =COUNTIFS('Gap Assessment Matrix'!$C$3:$C$95,$A13,'Gap Assessment Matrix'!$D$3:$D$95,D$10) -> 2 | E13: =COUNTIFS('Gap Assessment Matrix'!$C$3:$C$95,$A13,'Gap Assessment Matrix'!$D$3:$D$95,E$10) -> 2 | F13: =COUNTIFS('Gap Assessment Matrix'!$C$3:$C$95,$A13,'Gap Assessment Matrix'!$D$3:$D$95,F$10) -> 10
A14: Technological | B14: =COUNTIFS('Gap Assessment Matrix'!$C$3:$C$95,$A14,'Gap Assessment Matrix'!$D$3:$D$95,B$10) -> 4 | C14: =COUNTIFS('Gap Assessment Matrix'!$C$3:$C$95,$A14,'Gap Assessment Matrix'!$D$3:$D$95,C$10) -> 0 | D14: =COUNTIFS('Gap Assessment Matrix'!$C$3:$C$95,$A14,'Gap Assessment Matrix'!$D$3:$D$95,D$10) -> 4 | E14: =COUNTIFS('Gap Assessment Matrix'!$C$3:$C$95,$A14,'Gap Assessment Matrix'!$D$3:$D$95,E$10) -> 5 | F14: =COUNTIFS('Gap Assessment Matrix'!$C$3:$C$95,$A14,'Gap Assessment Matrix'!$D$3:$D$95,F$10) -> 21
A17: Findings by Priority
A18: Priority | B18: Count
A19: High | B19: =COUNTIFS('Gap Assessment Matrix'!$G$3:$G$95,A19) -> 8
A20: Medium | B20: =COUNTIFS('Gap Assessment Matrix'!$G$3:$G$95,A20) -> 9
A21: Low | B21: =COUNTIFS('Gap Assessment Matrix'!$G$3:$G$95,A21) -> 14
A22: N/A - Maintain | B22: =COUNTIFS('Gap Assessment Matrix'!$G$3:$G$95,A22) -> 62

Sheet Gap Assessment Matrix
A1: ISO/IEC 27001:2022 Annex A - Gap Assessment Matrix (93 controls)
A2: Control ID | B2: Control Name | C2: Theme | D2: Current Maturity | E2: Evidence / Notes | F2: Gap Description | G2: Priority | H2: Target Remediation Date | I2: Owner | J2: Maturity Score
A3: 5.1 | B3: Policies for information security | C3: Organizational | D3: Implemented - Reviewed & Effective | E3: Documented in the Information Security Policy Suite (v3.2); reviewed annually by the GRC team. | G3: N/A - Maintain | H3: =IF(G3="N/A - Maintain","",Cover!$B$6+INDEX('Reference Data'!$G$2:$G$5,MATCH(G3,'Reference Data'!$F$2:$F$5,0))) | I3: Head of GRC | J3: =INDEX('Reference Data'!$D$2:$D$6,MATCH(D3,'Reference Data'!$C$2:$C$6,0)) -> 4
A4: 5.2 | B4: Information security roles and responsibilities | C4: Organizational | D4: Implemented - Reviewed & Effective | E4: Process operating and evidenced via records reviewed during the last internal audit. | G4: N/A - Maintain | H4: =IF(G4="N/A - Maintain","",Cover!$B$6+INDEX('Reference Data'!$G$2:$G$5,MATCH(G4,'Reference Data'!$F$2:$F$5,0))) | I4: Head of GRC | J4: =INDEX('Reference Data'!$D$2:$D$6,MATCH(D4,'Reference Data'!$C$2:$C$6,0)) -> 4
A5: 5.3 | B5: Segregation of duties | C5: Organizational | D5: Implemented - Reviewed & Effective | E5: Control embedded in the ISMS Manual; last reviewed at the most recent management review meeting. | G5: N/A - Maintain | H5: =IF(G5="N/A - Maintain","",Cover!$B$6+INDEX('Reference Data'!$G$2:$G$5,MATCH(G5,'Reference Data'!$F$2:$F$5,0))) | I5: Head of GRC | J5: =INDEX('Reference Data'!$D$2:$D$6,MATCH(D5,'Reference Data'!$C$2:$C$6,0)) -> 4
A6: 5.4 | B6: Management responsibilities | C6: Organizational | D6: Implemented - Reviewed & Effective | E6: Evidenced via signed records retained in the document management system. | G6: N/A - Maintain | H6: =IF(G6="N/A - Maintain","",Cover!$B$6+INDEX('Reference Data'!$G$2:$G$5,MATCH(G6,'Reference Data'!$F$2:$F$5,0))) | I6: Head of GRC | J6: =INDEX('Reference Data'!$D$2:$D$6,MATCH(D6,'Reference Data'!$C$2:$C$6,0)) -> 4
A7: 5.5 | B7: Contact with authorities | C7: Organizational | D7: Implemented - Not Reviewed | E7: Documented in the Information Security Policy Suite (v3.2); reviewed annually by the GRC team. | F7: Control operating; formal review/re-attestation not yet scheduled. | G7: Low | H7: =IF(G7="N/A - Maintain","",Cover!$B$6+INDEX('Reference Data'!$G$2:$G$5,MATCH(G7,'Reference Data'!$F$2:$F$5,0))) -> 46446 | I7: Head of GRC | J7: =INDEX('Reference Data'!$D$2:$D$6,MATCH(D7,'Reference Data'!$C$2:$C$6,0)) -> 3
A8: 5.6 | B8: Contact with special interest groups | C8: Organizational | D8: Implemented - Reviewed & Effective | E8: Process operating and evidenced via records reviewed during the last internal audit. | G8: N/A - Maintain | H8: =IF(G8="N/A - Maintain","",Cover!$B$6+INDEX('Reference Data'!$G$2:$G$5,MATCH(G8,'Reference Data'!$F$2:$F$5,0))) | I8: Head of GRC | J8: =INDEX('Reference Data'!$D$2:$D$6,MATCH(D8,'Reference Data'!$C$2:$C$6,0)) -> 4
A9: 5.7 | B9: Threat intelligence | C9: Organizational | D9: Not Implemented | F9: No formal threat intelligence process; ad hoc use of vendor security bulletins only. | G9: High | H9: =IF(G9="N/A - Maintain","",Cover!$B$6+INDEX('Reference Data'!$G$2:$G$5,MATCH(G9,'Reference Data'!$F$2:$F$5,0))) -> 46326 | I9: Head of GRC | J9: =INDEX('Reference Data'!$D$2:$D$6,MATCH(D9,'Reference Data'!$C$2:$C$6,0)) -> 0
A10: 5.8 | B10: Information security in project management | C10: Organizational | D10: Implemented - Reviewed & Effective | E10: Control embedded in the ISMS Manual; last reviewed at the most recent management review meeting. | G10: N/A - Maintain | H10: =IF(G10="N/A - Maintain","",Cover!$B$6+INDEX('Reference Data'!$G$2:$G$5,MATCH(G10,'Reference Data'!$F$2:$F$5,0))) | I10: Head of GRC | J10: =INDEX('Reference Data'!$D$2:$D$6,MATCH(D10,'Reference Data'!$C$2:$C$6,0)) -> 4
A11: 5.9 | B11: Inventory of information and other associated assets | C11: Organizational | D11: Implemented - Reviewed & Effective | E11: Evidenced via signed records retained in the document management system. | G11: N/A - Maintain | H11: =IF(G11="N/A - Maintain","",Cover!$B$6+INDEX('Reference Data'!$G$2:$G$5,MATCH(G11,'Reference Data'!$F$2:$F$5,0))) | I11: Head of GRC | J11: =INDEX('Reference Data'!$D$2:$D$6,MATCH(D11,'Reference Data'!$C$2:$C$6,0)) -> 4
A12: 5.10 | B12: Acceptable use of information and other associated assets | C12: Organizational | D12: Implemented - Reviewed & Effective | E12: Documented in the Information Security Policy Suite (v3.2); reviewed annually by the GRC team. | G12: N/A - Maintain | H12: =IF(G12="N/A - Maintain","",Cover!$B$6+INDEX('Reference Data'!$G$2:$G$5,MATCH(G12,'Reference Data'!$F$2:$F$5,0))) | I12: Head of GRC | J12: =INDEX('Reference Data'!$D$2:$D$6,MATCH(D12,'Reference Data'!$C$2:$C$6,0)) -> 4
A13: 5.11 | B13: Return of assets | C13: Organizational | D13: Implemented - Not Reviewed | E13: Process operating and evidenced via records reviewed during the last internal audit. | F13: Control operating; formal review/re-attestation not yet scheduled. | G13: Low | H13: =IF(G13="N/A - Maintain","",Cover!$B$6+INDEX('Reference Data'!$G$2:$G$5,MATCH(G13,'Reference Data'!$F$2:$F$5,0))) -> 46446 | I13: Head of GRC | J13: =INDEX('Reference Data'!$D$2:$D$6,MATCH(D13,'Reference Data'!$C$2:$C$6,0)) -> 3
A14: 5.12 | B14: Classification of information | C14: Organizational | D14: Implemented - Reviewed & Effective | E14: Control embedded in the ISMS Manual; last reviewed at the most recent management review meeting. | G14: N/A - Maintain | H14: =IF(G14="N/A - Maintain","",Cover!$B$6+INDEX('Reference Data'!$G$2:$G$5,MATCH(G14,'Reference Data'!$F$2:$F$5,0))) | I14: Head of GRC | J14: =INDEX('Reference Data'!$D$2:$D$6,MATCH(D14,'Reference Data'!$C$2:$C$6,0)) -> 4
A15: 5.13 | B15: Labelling of information | C15: Organizational | D15: Implemented - Reviewed & Effective | E15: Evidenced via signed records retained in the document management system. | G15: N/A - Maintain | H15: =IF(G15="N/A - Maintain","",Cover!$B$6+INDEX('Reference Data'!$G$2:$G$5,MATCH(G15,'Reference Data'!$F$2:$F$5,0))) | I15: Head of GRC | J15: =INDEX('Reference Data'!$D$2:$D$6,MATCH(D15,'Reference Data'!$C$2:$C$6,0)) -> 4
A16: 5.14 | B16: Information transfer | C16: Organizational | D16: Implemented - Reviewed & Effective | E16: Documented in the Information Security Policy Suite (v3.2); reviewed annually by the GRC team. | G16: N/A - Maintain | H16: =IF(G16="N/A - Maintain","",Cover!$B$6+INDEX('Reference Data'!$G$2:$G$5,MATCH(G16,'Reference Data'!$F$2:$F$5,0))) | I16: Head of GRC | J16: =INDEX('Reference Data'!$D$2:$D$6,MATCH(D16,'Reference Data'!$C$2:$C$6,0)) -> 4
A17: 5.15 | B17: Access control | C17: Organizational | D17: Implemented - Reviewed & Effective | E17: Process operating and evidenced via records reviewed during the last internal audit. | G17: N/A - Maintain | H17: =IF(G17="N/A - Maintain","",Cover!$B$6+INDEX('Reference Data'!$G$2:$G$5,MATCH(G17,'Reference Data'!$F$2:$F$5,0))) | I17: Head of GRC | J17: =INDEX('Reference Data'!$D$2:$D$6,MATCH(D17,'Reference Data'!$C$2:$C$6,0)) -> 4
A18: 5.16 | B18: Identity management | C18: Organizational | D18: Implemented - Not Reviewed | E18: Control embedded in the ISMS Manual; last reviewed at the most recent management review meeting. | F18: Control operating; formal review/re-attestation not yet scheduled. | G18: Low | H18: =IF(G18="N/A - Maintain","",Cover!$B$6+INDEX('Reference Data'!$G$2:$G$5,MATCH(G18,'Reference Data'!$F$2:$F$5,0))) -> 46446 | I18: Head of GRC | J18: =INDEX('Reference Data'!$D$2:$D$6,MATCH(D18,'Reference Data'!$C$2:$C$6,0)) -> 3
A19: 5.17 | B19: Authentication information | C19: Organizational | D19: Implemented - Reviewed & Effective | E19: Evidenced via signed records retained in the document management system. | G19: N/A - Maintain | H19: =IF(G19="N/A - Maintain","",Cover!$B$6+INDEX('Reference Data'!$G$2:$G$5,MATCH(G19,'Reference Data'!$F$2:$F$5,0))) | I19: Head of GRC | J19: =INDEX('Reference Data'!$D$2:$D$6,MATCH(D19,'Reference Data'!$C$2:$C$6,0)) -> 4
A20: 5.18 | B20: Access rights | C20: Organizational | D20: Implemented - Reviewed & Effective | E20: Documented in the Information Security Policy Suite (v3.2); reviewed annually by the GRC team. | G20: N/A - Maintain | H20: =IF(G20="N/A - Maintain","",Cover!$B$6+INDEX('Reference Data'!$G$2:$G$5,MATCH(G20,'Reference Data'!$F$2:$F$5,0))) | I20: Head of GRC | J20: =INDEX('Reference Data'!$D$2:$D$6,MATCH(D20,'Reference Data'!$C$2:$C$6,0)) -> 4
A21: 5.19 | B21: Information security in supplier relationships | C21: Organizational | D21: Implemented - Reviewed & Effective | E21: Process operating and evidenced via records reviewed during the last internal audit. | G21: N/A - Maintain | H21: =IF(G21="N/A - Maintain","",Cover!$B$6+INDEX('Reference Data'!$G$2:$G$5,MATCH(G21,'Reference Data'!$F$2:$F$5,0))) | I21: Vendor & Procurement Manager | J21: =INDEX('Reference Data'!$D$2:$D$6,MATCH(D21,'Reference Data'!$C$2:$C$6,0)) -> 4
A22: 5.20 | B22: Addressing information security within supplier agreements | C22: Organizational | D22: Implemented - Reviewed & Effective | E22: Control embedded in the ISMS Manual; last reviewed at the most recent management review meeting. | G22: N/A - Maintain | H22: =IF(G22="N/A - Maintain","",Cover!$B$6+INDEX('Reference Data'!$G$2:$G$5,MATCH(G22,'Reference Data'!$F$2:$F$5,0))) | I22: Vendor & Procurement Manager | J22: =INDEX('Reference Data'!$D$2:$D$6,MATCH(D22,'Reference Data'!$C$2:$C$6,0)) -> 4
A23: 5.21 | B23: Managing information security in the ICT supply chain | C23: Organizational | D23: Not Implemented | F23: ICT supply chain risk is not assessed separately from general supplier due diligence. | G23: High | H23: =IF(G23="N/A - Maintain","",Cover!$B$6+INDEX('Reference Data'!$G$2:$G$5,MATCH(G23,'Reference Data'!$F$2:$F$5,0))) -> 46326 | I23: Vendor & Procurement Manager | J23: =INDEX('Reference Data'!$D$2:$D$6,MATCH(D23,'Reference Data'!$C$2:$C$6,0)) -> 0
A24: 5.22 | B24: Monitoring, review, and change management of supplier services | C24: Organizational | D24: Implemented - Not Reviewed | E24: Evidenced via signed records retained in the document management system. | F24: Control operating; formal review/re-attestation not yet scheduled. | G24: Low | H24: =IF(G24="N/A - Maintain","",Cover!$B$6+INDEX('Reference Data'!$G$2:$G$5,MATCH(G24,'Reference Data'!$F$2:$F$5,0))) -> 46446 | I24: Vendor & Procurement Manager | J24: =INDEX('Reference Data'!$D$2:$D$6,MATCH(D24,'Reference Data'!$C$2:$C$6,0)) -> 3
A25: 5.23 | B25: Information security for use of cloud services | C25: Organizational | D25: Partially Implemented | F25: Cloud vendor security is reviewed at onboarding only; no ongoing cloud security governance process. | G25: Medium | H25: =IF(G25="N/A - Maintain","",Cover!$B$6+INDEX('Reference Data'!$G$2:$G$5,MATCH(G25,'Reference Data'!$F$2:$F$5,0))) -> 46386 | I25: Head of GRC | J25: =INDEX('Reference Data'!$D$2:$D$6,MATCH(D25,'Reference Data'!$C$2:$C$6,0)) -> 2
A26: 5.24 | B26: Information security incident management planning and preparation | C26: Organizational | D26: Implemented - Reviewed & Effective | E26: Documented in the Information Security Policy Suite (v3.2); reviewed annually by the GRC team. | G26: N/A - Maintain | H26: =IF(G26="N/A - Maintain","",Cover!$B$6+INDEX('Reference Data'!$G$2:$G$5,MATCH(G26,'Reference Data'!$F$2:$F$5,0))) | I26: Security Operations Lead | J26: =INDEX('Reference Data'!$D$2:$D$6,MATCH(D26,'Reference Data'!$C$2:$C$6,0)) -> 4
A27: 5.25 | B27: Assessment and decision on information security events | C27: Organizational | D27: Implemented - Reviewed & Effective | E27: Process operating and evidenced via records reviewed during the last internal audit. | G27: N/A - Maintain | H27: =IF(G27="N/A - Maintain","",Cover!$B$6+INDEX('Reference Data'!$G$2:$G$5,MATCH(G27,'Reference Data'!$F$2:$F$5,0))) | I27: Security Operations Lead | J27: =INDEX('Reference Data'!$D$2:$D$6,MATCH(D27,'Reference Data'!$C$2:$C$6,0)) -> 4
A28: 5.26 | B28: Response to information security incidents | C28: Organizational | D28: Implemented - Reviewed & Effective | E28: Control embedded in the ISMS Manual; last reviewed at the most recent management review meeting. | G28: N/A - Maintain | H28: =IF(G28="N/A - Maintain","",Cover!$B$6+INDEX('Reference Data'!$G$2:$G$5,MATCH(G28,'Reference Data'!$F$2:$F$5,0))) | I28: Security Operations Lead | J28: =INDEX('Reference Data'!$D$2:$D$6,MATCH(D28,'Reference Data'!$C$2:$C$6,0)) -> 4
A29: 5.27 | B29: Learning from information security incidents | C29: Organizational | D29: Implemented - Reviewed & Effective | E29: Evidenced via signed records retained in the document management system. | G29: N/A - Maintain | H29: =IF(G29="N/A - Maintain","",Cover!$B$6+INDEX('Reference Data'!$G$2:$G$5,MATCH(G29,'Reference Data'!$F$2:$F$5,0))) | I29: Security Operations Lead | J29: =INDEX('Reference Data'!$D$2:$D$6,MATCH(D29,'Reference Data'!$C$2:$C$6,0)) -> 4
A30: 5.28 | B30: Collection of evidence | C30: Organizational | D30: Not Implemented | F30: No documented procedure for collection and preservation of evidence following a security incident. | G30: High | H30: =IF(G30="N/A - Maintain","",Cover!$B$6+INDEX('Reference Data'!$G$2:$G$5,MATCH(G30,'Reference Data'!$F$2:$F$5,0))) -> 46326 | I30: Security Operations Lead | J30: =INDEX('Reference Data'!$D$2:$D$6,MATCH(D30,'Reference Data'!$C$2:$C$6,0)) -> 0
A31: 5.29 | B31: Information security during disruption | C31: Organizational | D31: Implemented - Not Reviewed | E31: Documented in the Information Security Policy Suite (v3.2); reviewed annually by the GRC team. | F31: Control operating; formal review/re-attestation not yet scheduled. | G31: Low | H31: =IF(G31="N/A - Maintain","",Cover!$B$6+INDEX('Reference Data'!$G$2:$G$5,MATCH(G31,'Reference Data'!$F$2:$F$5,0))) -> 46446 | I31: Head of GRC | J31: =INDEX('Reference Data'!$D$2:$D$6,MATCH(D31,'Reference Data'!$C$2:$C$6,0)) -> 3
A32: 5.30 | B32: ICT readiness for business continuity | C32: Organizational | D32: Not Implemented | F32: ICT continuity plan not yet aligned to BIA-derived recovery time/point objectives. | G32: High | H32: =IF(G32="N/A - Maintain","",Cover!$B$6+INDEX('Reference Data'!$G$2:$G$5,MATCH(G32,'Reference Data'!$F$2:$F$5,0))) -> 46326 | I32: Head of GRC | J32: =INDEX('Reference Data'!$D$2:$D$6,MATCH(D32,'Reference Data'!$C$2:$C$6,0)) -> 0
A33: 5.31 | B33: Legal, statutory, regulatory, and contractual requirements | C33: Organizational | D33: Implemented - Reviewed & Effective | E33: Process operating and evidenced via records reviewed during the last internal audit. | G33: N/A - Maintain | H33: =IF(G33="N/A - Maintain","",Cover!$B$6+INDEX('Reference Data'!$G$2:$G$5,MATCH(G33,'Reference Data'!$F$2:$F$5,0))) | I33: Data Protection Officer | J33: =INDEX('Reference Data'!$D$2:$D$6,MATCH(D33,'Reference Data'!$C$2:$C$6,0)) -> 4
A34: 5.32 | B34: Intellectual property rights | C34: Organizational | D34: Implemented - Reviewed & Effective | E34: Control embedded in the ISMS Manual; last reviewed at the most recent management review meeting. | G34: N/A - Maintain | H34: =IF(G34="N/A - Maintain","",Cover!$B$6+INDEX('Reference Data'!$G$2:$G$5,MATCH(G34,'Reference Data'!$F$2:$F$5,0))) | I34: Legal Counsel | J34: =INDEX('Reference Data'!$D$2:$D$6,MATCH(D34,'Reference Data'!$C$2:$C$6,0)) -> 4
A35: 5.33 | B35: Protection of records | C35: Organizational | D35: Implemented - Reviewed & Effective | E35: Evidenced via signed records retained in the document management system. | G35: N/A - Maintain | H35: =IF(G35="N/A - Maintain","",Cover!$B$6+INDEX('Reference Data'!$G$2:$G$5,MATCH(G35,'Reference Data'!$F$2:$F$5,0))) | I35: Data Protection Officer | J35: =INDEX('Reference Data'!$D$2:$D$6,MATCH(D35,'Reference Data'!$C$2:$C$6,0)) -> 4
A36: 5.34 | B36: Privacy and protection of PII | C36: Organizational | D36: Implemented - Reviewed & Effective | E36: Documented in the Information Security Policy Suite (v3.2); reviewed annually by the GRC team. | G36: N/A - Maintain | H36: =IF(G36="N/A - Maintain","",Cover!$B$6+INDEX('Reference Data'!$G$2:$G$5,MATCH(G36,'Reference Data'!$F$2:$F$5,0))) | I36: Data Protection Officer | J36: =INDEX('Reference Data'!$D$2:$D$6,MATCH(D36,'Reference Data'!$C$2:$C$6,0)) -> 4
A37: 5.35 | B37: Independent review of information security | C37: Organizational | D37: Partially Implemented | F37: Last independent ISMS review was 19 months ago; no fixed review cadence is defined. | G37: Medium | H37: =IF(G37="N/A - Maintain","",Cover!$B$6+INDEX('Reference Data'!$G$2:$G$5,MATCH(G37,'Reference Data'!$F$2:$F$5,0))) -> 46386 | I37: Head of GRC | J37: =INDEX('Reference Data'!$D$2:$D$6,MATCH(D37,'Reference Data'!$C$2:$C$6,0)) -> 2
A38: 5.36 | B38: Compliance with policies, rules, and standards | C38: Organizational | D38: Implemented - Not Reviewed | E38: Process operating and evidenced via records reviewed during the last internal audit. | F38: Control operating; formal review/re-attestation not yet scheduled. | G38: Low | H38: =IF(G38="N/A - Maintain","",Cover!$B$6+INDEX('Reference Data'!$G$2:$G$5,MATCH(G38,'Reference Data'!$F$2:$F$5,0))) -> 46446 | I38: Head of GRC | J38: =INDEX('Reference Data'!$D$2:$D$6,MATCH(D38,'Reference Data'!$C$2:$C$6,0)) -> 3
A39: 5.37 | B39: Documented operating procedures | C39: Organizational | D39: Implemented - Reviewed & Effective | E39: Control embedded in the ISMS Manual; last reviewed at the most recent management review meeting. | G39: N/A - Maintain | H39: =IF(G39="N/A - Maintain","",Cover!$B$6+INDEX('Reference Data'!$G$2:$G$5,MATCH(G39,'Reference Data'!$F$2:$F$5,0))) | I39: Head of GRC | J39: =INDEX('Reference Data'!$D$2:$D$6,MATCH(D39,'Reference Data'!$C$2:$C$6,0)) -> 4
A40: 6.1 | B40: Screening | C40: People | D40: Implemented - Reviewed & Effective | E40: Evidenced via HR onboarding/offboarding checklist completion records. | G40: N/A - Maintain | H40: =IF(G40="N/A - Maintain","",Cover!$B$6+INDEX('Reference Data'!$G$2:$G$5,MATCH(G40,'Reference Data'!$F$2:$F$5,0))) | I40: HR Director | J40: =INDEX('Reference Data'!$D$2:$D$6,MATCH(D40,'Reference Data'!$C$2:$C$6,0)) -> 4
A41: 6.2 | B41: Terms and conditions of employment | C41: People | D41: Implemented - Reviewed & Effective | E41: Training completion tracked in the LMS; completion rate above 95% for the last cycle. | G41: N/A - Maintain | H41: =IF(G41="N/A - Maintain","",Cover!$B$6+INDEX('Reference Data'!$G$2:$G$5,MATCH(G41,'Reference Data'!$F$2:$F$5,0))) | I41: HR Director | J41: =INDEX('Reference Data'!$D$2:$D$6,MATCH(D41,'Reference Data'!$C$2:$C$6,0)) -> 4
A42: 6.3 | B42: Information security awareness, education, and training | C42: People | D42: Implemented - Reviewed & Effective | E42: Evidenced via signed employee handbook acknowledgement on file. | G42: N/A - Maintain | H42: =IF(G42="N/A - Maintain","",Cover!$B$6+INDEX('Reference Data'!$G$2:$G$5,MATCH(G42,'Reference Data'!$F$2:$F$5,0))) | I42: HR Director | J42: =INDEX('Reference Data'!$D$2:$D$6,MATCH(D42,'Reference Data'!$C$2:$C$6,0)) -> 4
A43: 6.4 | B43: Disciplinary process | C43: People | D43: Implemented - Reviewed & Effective | E43: Evidenced via HR onboarding/offboarding checklist completion records. | G43: N/A - Maintain | H43: =IF(G43="N/A - Maintain","",Cover!$B$6+INDEX('Reference Data'!$G$2:$G$5,MATCH(G43,'Reference Data'!$F$2:$F$5,0))) | I43: HR Director | J43: =INDEX('Reference Data'!$D$2:$D$6,MATCH(D43,'Reference Data'!$C$2:$C$6,0)) -> 4
A44: 6.5 | B44: Responsibilities after termination or change of employment | C44: People | D44: Implemented - Not Reviewed | E44: Training completion tracked in the LMS; completion rate above 95% for the last cycle. | F44: Control operating; formal review/re-attestation not yet scheduled. | G44: Low | H44: =IF(G44="N/A - Maintain","",Cover!$B$6+INDEX('Reference Data'!$G$2:$G$5,MATCH(G44,'Reference Data'!$F$2:$F$5,0))) -> 46446 | I44: HR Director | J44: =INDEX('Reference Data'!$D$2:$D$6,MATCH(D44,'Reference Data'!$C$2:$C$6,0)) -> 3
A45: 6.6 | B45: Confidentiality or non-disclosure agreements | C45: People | D45: Implemented - Reviewed & Effective | E45: Evidenced via signed employee handbook acknowledgement on file. | G45: N/A - Maintain | H45: =IF(G45="N/A - Maintain","",Cover!$B$6+INDEX('Reference Data'!$G$2:$G$5,MATCH(G45,'Reference Data'!$F$2:$F$5,0))) | I45: HR Director | J45: =INDEX('Reference Data'!$D$2:$D$6,MATCH(D45,'Reference Data'!$C$2:$C$6,0)) -> 4
A46: 6.7 | B46: Remote working | C46: People | D46: Partially Implemented | F46: Remote working policy exists but is not technically enforced (e.g. no device posture check). | G46: Medium | H46: =IF(G46="N/A - Maintain","",Cover!$B$6+INDEX('Reference Data'!$G$2:$G$5,MATCH(G46,'Reference Data'!$F$2:$F$5,0))) -> 46386 | I46: HR Director | J46: =INDEX('Reference Data'!$D$2:$D$6,MATCH(D46,'Reference Data'!$C$2:$C$6,0)) -> 2
A47: 6.8 | B47: Information security event reporting | C47: People | D47: Implemented - Reviewed & Effective | E47: Evidenced via HR onboarding/offboarding checklist completion records. | G47: N/A - Maintain | H47: =IF(G47="N/A - Maintain","",Cover!$B$6+INDEX('Reference Data'!$G$2:$G$5,MATCH(G47,'Reference Data'!$F$2:$F$5,0))) | I47: HR Director | J47: =INDEX('Reference Data'!$D$2:$D$6,MATCH(D47,'Reference Data'!$C$2:$C$6,0)) -> 4
A48: 7.1 | B48: Physical security perimeters | C48: Physical | D48: Implemented - Reviewed & Effective | E48: Evidenced via access control system logs and the visitor register. | G48: N/A - Maintain | H48: =IF(G48="N/A - Maintain","",Cover!$B$6+INDEX('Reference Data'!$G$2:$G$5,MATCH(G48,'Reference Data'!$F$2:$F$5,0))) | I48: Facilities Manager | J48: =INDEX('Reference Data'!$D$2:$D$6,MATCH(D48,'Reference Data'!$C$2:$C$6,0)) -> 4
A49: 7.2 | B49: Physical entry | C49: Physical | D49: Implemented - Reviewed & Effective | E49: Verified during the last physical security walkthrough. | G49: N/A - Maintain | H49: =IF(G49="N/A - Maintain","",Cover!$B$6+INDEX('Reference Data'!$G$2:$G$5,MATCH(G49,'Reference Data'!$F$2:$F$5,0))) | I49: Facilities Manager | J49: =INDEX('Reference Data'!$D$2:$D$6,MATCH(D49,'Reference Data'!$C$2:$C$6,0)) -> 4
A50: 7.3 | B50: Securing offices, rooms, and facilities | C50: Physical | D50: Implemented - Reviewed & Effective | E50: Evidenced via facilities maintenance and inspection records. | G50: N/A - Maintain | H50: =IF(G50="N/A - Maintain","",Cover!$B$6+INDEX('Reference Data'!$G$2:$G$5,MATCH(G50,'Reference Data'!$F$2:$F$5,0))) | I50: Facilities Manager | J50: =INDEX('Reference Data'!$D$2:$D$6,MATCH(D50,'Reference Data'!$C$2:$C$6,0)) -> 4
A51: 7.4 | B51: Physical security monitoring | C51: Physical | D51: Partially Implemented | F51: CCTV covers the main entrance only; the server room and other secure areas are not monitored. | G51: Medium | H51: =IF(G51="N/A - Maintain","",Cover!$B$6+INDEX('Reference Data'!$G$2:$G$5,MATCH(G51,'Reference Data'!$F$2:$F$5,0))) -> 46386 | I51: Facilities Manager | J51: =INDEX('Reference Data'!$D$2:$D$6,MATCH(D51,'Reference Data'!$C$2:$C$6,0)) -> 2
A52: 7.5 | B52: Protecting against physical and environmental threats | C52: Physical | D52: Implemented - Reviewed & Effective | E52: Evidenced via access control system logs and the visitor register. | G52: N/A - Maintain | H52: =IF(G52="N/A - Maintain","",Cover!$B$6+INDEX('Reference Data'!$G$2:$G$5,MATCH(G52,'Reference Data'!$F$2:$F$5,0))) | I52: Facilities Manager | J52: =INDEX('Reference Data'!$D$2:$D$6,MATCH(D52,'Reference Data'!$C$2:$C$6,0)) -> 4
A53: 7.6 | B53: Working in secure areas | C53: Physical | D53: Implemented - Not Reviewed | E53: Verified during the last physical security walkthrough. | F53: Control operating; formal review/re-attestation not yet scheduled. | G53: Low | H53: =IF(G53="N/A - Maintain","",Cover!$B$6+INDEX('Reference Data'!$G$2:$G$5,MATCH(G53,'Reference Data'!$F$2:$F$5,0))) -> 46446 | I53: Facilities Manager | J53: =INDEX('Reference Data'!$D$2:$D$6,MATCH(D53,'Reference Data'!$C$2:$C$6,0)) -> 3
A54: 7.7 | B54: Clear desk and clear screen | C54: Physical | D54: Implemented - Reviewed & Effective | E54: Evidenced via facilities maintenance and inspection records. | G54: N/A - Maintain | H54: =IF(G54="N/A - Maintain","",Cover!$B$6+INDEX('Reference Data'!$G$2:$G$5,MATCH(G54,'Reference Data'!$F$2:$F$5,0))) | I54: Facilities Manager | J54: =INDEX('Reference Data'!$D$2:$D$6,MATCH(D54,'Reference Data'!$C$2:$C$6,0)) -> 4
A55: 7.8 | B55: Equipment siting and protection | C55: Physical | D55: Implemented - Reviewed & Effective | E55: Evidenced via access control system logs and the visitor register. | G55: N/A - Maintain | H55: =IF(G55="N/A - Maintain","",Cover!$B$6+INDEX('Reference Data'!$G$2:$G$5,MATCH(G55,'Reference Data'!$F$2:$F$5,0))) | I55: Facilities Manager | J55: =INDEX('Reference Data'!$D$2:$D$6,MATCH(D55,'Reference Data'!$C$2:$C$6,0)) -> 4
A56: 7.9 | B56: Security of assets off-premises | C56: Physical | D56: Partially Implemented | F56: No formal register of assets used off-premises; reliant on employee self-reporting. | G56: Medium | H56: =IF(G56="N/A - Maintain","",Cover!$B$6+INDEX('Reference Data'!$G$2:$G$5,MATCH(G56,'Reference Data'!$F$2:$F$5,0))) -> 46386 | I56: Facilities Manager | J56: =INDEX('Reference Data'!$D$2:$D$6,MATCH(D56,'Reference Data'!$C$2:$C$6,0)) -> 2
A57: 7.10 | B57: Storage media | C57: Physical | D57: Implemented - Reviewed & Effective | E57: Verified during the last physical security walkthrough. | G57: N/A - Maintain | H57: =IF(G57="N/A - Maintain","",Cover!$B$6+INDEX('Reference Data'!$G$2:$G$5,MATCH(G57,'Reference Data'!$F$2:$F$5,0))) | I57: Facilities Manager | J57: =INDEX('Reference Data'!$D$2:$D$6,MATCH(D57,'Reference Data'!$C$2:$C$6,0)) -> 4
A58: 7.11 | B58: Supporting utilities | C58: Physical | D58: Implemented - Reviewed & Effective | E58: Evidenced via facilities maintenance and inspection records. | G58: N/A - Maintain | H58: =IF(G58="N/A - Maintain","",Cover!$B$6+INDEX('Reference Data'!$G$2:$G$5,MATCH(G58,'Reference Data'!$F$2:$F$5,0))) | I58: Facilities Manager | J58: =INDEX('Reference Data'!$D$2:$D$6,MATCH(D58,'Reference Data'!$C$2:$C$6,0)) -> 4
A59: 7.12 | B59: Cabling security | C59: Physical | D59: Implemented - Not Reviewed | E59: Evidenced via access control system logs and the visitor register. | F59: Control operating; formal review/re-attestation not yet scheduled. | G59: Low | H59: =IF(G59="N/A - Maintain","",Cover!$B$6+INDEX('Reference Data'!$G$2:$G$5,MATCH(G59,'Reference Data'!$F$2:$F$5,0))) -> 46446 | I59: Facilities Manager | J59: =INDEX('Reference Data'!$D$2:$D$6,MATCH(D59,'Reference Data'!$C$2:$C$6,0)) -> 3
A60: 7.13 | B60: Equipment maintenance | C60: Physical | D60: Implemented - Reviewed & Effective | E60: Verified during the last physical security walkthrough. | G60: N/A - Maintain | H60: =IF(G60="N/A - Maintain","",Cover!$B$6+INDEX('Reference Data'!$G$2:$G$5,MATCH(G60,'Reference Data'!$F$2:$F$5,0))) | I60: Facilities Manager | J60: =INDEX('Reference Data'!$D$2:$D$6,MATCH(D60,'Reference Data'!$C$2:$C$6,0)) -> 4
A61: 7.14 | B61: Secure disposal or re-use of equipment | C61: Physical | D61: Implemented - Reviewed & Effective | E61: Evidenced via facilities maintenance and inspection records. | G61: N/A - Maintain | H61: =IF(G61="N/A - Maintain","",Cover!$B$6+INDEX('Reference Data'!$G$2:$G$5,MATCH(G61,'Reference Data'!$F$2:$F$5,0))) | I61: Facilities Manager | J61: =INDEX('Reference Data'!$D$2:$D$6,MATCH(D61,'Reference Data'!$C$2:$C$6,0)) -> 4
A62: 8.1 | B62: User endpoint devices | C62: Technological | D62: Implemented - Reviewed & Effective | E62: Enforced via platform configuration; evidenced in the last technical control review. | G62: N/A - Maintain | H62: =IF(G62="N/A - Maintain","",Cover!$B$6+INDEX('Reference Data'!$G$2:$G$5,MATCH(G62,'Reference Data'!$F$2:$F$5,0))) | I62: IT Security Manager | J62: =INDEX('Reference Data'!$D$2:$D$6,MATCH(D62,'Reference Data'!$C$2:$C$6,0)) -> 4
A63: 8.2 | B63: Privileged access rights | C63: Technological | D63: Implemented - Reviewed & Effective | E63: Automated control; evidenced via configuration export and the monitoring dashboard. | G63: N/A - Maintain | H63: =IF(G63="N/A - Maintain","",Cover!$B$6+INDEX('Reference Data'!$G$2:$G$5,MATCH(G63,'Reference Data'!$F$2:$F$5,0))) | I63: IT Security Manager | J63: =INDEX('Reference Data'!$D$2:$D$6,MATCH(D63,'Reference Data'!$C$2:$C$6,0)) -> 4
A64: 8.3 | B64: Information access restriction | C64: Technological | D64: Implemented - Reviewed & Effective | E64: Verified via the most recent penetration test / vulnerability scan report. | G64: N/A - Maintain | H64: =IF(G64="N/A - Maintain","",Cover!$B$6+INDEX('Reference Data'!$G$2:$G$5,MATCH(G64,'Reference Data'!$F$2:$F$5,0))) | I64: IT Security Manager | J64: =INDEX('Reference Data'!$D$2:$D$6,MATCH(D64,'Reference Data'!$C$2:$C$6,0)) -> 4
A65: 8.4 | B65: Access to source code | C65: Technological | D65: Implemented - Reviewed & Effective | E65: Enforced via platform configuration; evidenced in the last technical control review. | G65: N/A - Maintain | H65: =IF(G65="N/A - Maintain","",Cover!$B$6+INDEX('Reference Data'!$G$2:$G$5,MATCH(G65,'Reference Data'!$F$2:$F$5,0))) | I65: Head of Engineering | J65: =INDEX('Reference Data'!$D$2:$D$6,MATCH(D65,'Reference Data'!$C$2:$C$6,0)) -> 4
A66: 8.5 | B66: Secure authentication | C66: Technological | D66: Implemented - Not Reviewed | E66: Automated control; evidenced via configuration export and the monitoring dashboard. | F66: Control operating; formal review/re-attestation not yet scheduled. | G66: Low | H66: =IF(G66="N/A - Maintain","",Cover!$B$6+INDEX('Reference Data'!$G$2:$G$5,MATCH(G66,'Reference Data'!$F$2:$F$5,0))) -> 46446 | I66: IT Security Manager | J66: =INDEX('Reference Data'!$D$2:$D$6,MATCH(D66,'Reference Data'!$C$2:$C$6,0)) -> 3
A67: 8.6 | B67: Capacity management | C67: Technological | D67: Implemented - Reviewed & Effective | E67: Verified via the most recent penetration test / vulnerability scan report. | G67: N/A - Maintain | H67: =IF(G67="N/A - Maintain","",Cover!$B$6+INDEX('Reference Data'!$G$2:$G$5,MATCH(G67,'Reference Data'!$F$2:$F$5,0))) | I67: IT Security Manager | J67: =INDEX('Reference Data'!$D$2:$D$6,MATCH(D67,'Reference Data'!$C$2:$C$6,0)) -> 4
A68: 8.7 | B68: Protection against malware | C68: Technological | D68: Implemented - Reviewed & Effective | E68: Enforced via platform configuration; evidenced in the last technical control review. | G68: N/A - Maintain | H68: =IF(G68="N/A - Maintain","",Cover!$B$6+INDEX('Reference Data'!$G$2:$G$5,MATCH(G68,'Reference Data'!$F$2:$F$5,0))) | I68: IT Security Manager | J68: =INDEX('Reference Data'!$D$2:$D$6,MATCH(D68,'Reference Data'!$C$2:$C$6,0)) -> 4
A69: 8.8 | B69: Management of technical vulnerabilities | C69: Technological | D69: Partially Implemented | F69: Vulnerability scanning is performed quarterly; no formal SLA for remediation by severity. | G69: Medium | H69: =IF(G69="N/A - Maintain","",Cover!$B$6+INDEX('Reference Data'!$G$2:$G$5,MATCH(G69,'Reference Data'!$F$2:$F$5,0))) -> 46386 | I69: IT Security Manager | J69: =INDEX('Reference Data'!$D$2:$D$6,MATCH(D69,'Reference Data'!$C$2:$C$6,0)) -> 2
A70: 8.9 | B70: Configuration management | C70: Technological | D70: Not Implemented | F70: No formal secure baseline configuration standard; configurations vary by engineer. | G70: High | H70: =IF(G70="N/A - Maintain","",Cover!$B$6+INDEX('Reference Data'!$G$2:$G$5,MATCH(G70,'Reference Data'!$F$2:$F$5,0))) -> 46326 | I70: IT Security Manager | J70: =INDEX('Reference Data'!$D$2:$D$6,MATCH(D70,'Reference Data'!$C$2:$C$6,0)) -> 0
A71: 8.10 | B71: Information deletion | C71: Technological | D71: Partially Implemented | F71: Deletion occurs on request (e.g. DSAR) but there is no scheduled deletion against the retention schedule. | G71: Medium | H71: =IF(G71="N/A - Maintain","",Cover!$B$6+INDEX('Reference Data'!$G$2:$G$5,MATCH(G71,'Reference Data'!$F$2:$F$5,0))) -> 46386 | I71: IT Security Manager | J71: =INDEX('Reference Data'!$D$2:$D$6,MATCH(D71,'Reference Data'!$C$2:$C$6,0)) -> 2
A72: 8.11 | B72: Data masking | C72: Technological | D72: Not Implemented | F72: No data masking applied to production data copied into test/staging environments. | G72: High | H72: =IF(G72="N/A - Maintain","",Cover!$B$6+INDEX('Reference Data'!$G$2:$G$5,MATCH(G72,'Reference Data'!$F$2:$F$5,0))) -> 46326 | I72: IT Security Manager | J72: =INDEX('Reference Data'!$D$2:$D$6,MATCH(D72,'Reference Data'!$C$2:$C$6,0)) -> 0
A73: 8.12 | B73: Data leakage prevention | C73: Technological | D73: Not Implemented | F73: No data leakage prevention tooling in place; reliance on manual review and the acceptable use policy only. | G73: High | H73: =IF(G73="N/A - Maintain","",Cover!$B$6+INDEX('Reference Data'!$G$2:$G$5,MATCH(G73,'Reference Data'!$F$2:$F$5,0))) -> 46326 | I73: IT Security Manager | J73: =INDEX('Reference Data'!$D$2:$D$6,MATCH(D73,'Reference Data'!$C$2:$C$6,0)) -> 0
A74: 8.13 | B74: Information backup | C74: Technological | D74: Implemented - Reviewed & Effective | E74: Automated control; evidenced via configuration export and the monitoring dashboard. | G74: N/A - Maintain | H74: =IF(G74="N/A - Maintain","",Cover!$B$6+INDEX('Reference Data'!$G$2:$G$5,MATCH(G74,'Reference Data'!$F$2:$F$5,0))) | I74: IT Security Manager | J74: =INDEX('Reference Data'!$D$2:$D$6,MATCH(D74,'Reference Data'!$C$2:$C$6,0)) -> 4
A75: 8.14 | B75: Redundancy of information processing facilities | C75: Technological | D75: Implemented - Reviewed & Effective | E75: Verified via the most recent penetration test / vulnerability scan report. | G75: N/A - Maintain | H75: =IF(G75="N/A - Maintain","",Cover!$B$6+INDEX('Reference Data'!$G$2:$G$5,MATCH(G75,'Reference Data'!$F$2:$F$5,0))) | I75: IT Security Manager | J75: =INDEX('Reference Data'!$D$2:$D$6,MATCH(D75,'Reference Data'!$C$2:$C$6,0)) -> 4
A76: 8.15 | B76: Logging | C76: Technological | D76: Implemented - Not Reviewed | E76: Enforced via platform configuration; evidenced in the last technical control review. | F76: Control operating; formal review/re-attestation not yet scheduled. | G76: Low | H76: =IF(G76="N/A - Maintain","",Cover!$B$6+INDEX('Reference Data'!$G$2:$G$5,MATCH(G76,'Reference Data'!$F$2:$F$5,0))) -> 46446 | I76: IT Security Manager | J76: =INDEX('Reference Data'!$D$2:$D$6,MATCH(D76,'Reference Data'!$C$2:$C$6,0)) -> 3
A77: 8.16 | B77: Monitoring activities | C77: Technological | D77: Not Implemented | F77: No centralised security monitoring/SIEM capability; log review is manual and inconsistent. | G77: High | H77: =IF(G77="N/A - Maintain","",Cover!$B$6+INDEX('Reference Data'!$G$2:$G$5,MATCH(G77,'Reference Data'!$F$2:$F$5,0))) -> 46326 | I77: IT Security Manager | J77: =INDEX('Reference Data'!$D$2:$D$6,MATCH(D77,'Reference Data'!$C$2:$C$6,0)) -> 0
A78: 8.17 | B78: Clock synchronization | C78: Technological | D78: Implemented - Reviewed & Effective | E78: Automated control; evidenced via configuration export and the monitoring dashboard. | G78: N/A - Maintain | H78: =IF(G78="N/A - Maintain","",Cover!$B$6+INDEX('Reference Data'!$G$2:$G$5,MATCH(G78,'Reference Data'!$F$2:$F$5,0))) | I78: IT Security Manager | J78: =INDEX('Reference Data'!$D$2:$D$6,MATCH(D78,'Reference Data'!$C$2:$C$6,0)) -> 4
A79: 8.18 | B79: Use of privileged utility programs | C79: Technological | D79: Implemented - Reviewed & Effective | E79: Verified via the most recent penetration test / vulnerability scan report. | G79: N/A - Maintain | H79: =IF(G79="N/A - Maintain","",Cover!$B$6+INDEX('Reference Data'!$G$2:$G$5,MATCH(G79,'Reference Data'!$F$2:$F$5,0))) | I79: IT Security Manager | J79: =INDEX('Reference Data'!$D$2:$D$6,MATCH(D79,'Reference Data'!$C$2:$C$6,0)) -> 4
A80: 8.19 | B80: Installation of software on operational systems | C80: Technological | D80: Implemented - Reviewed & Effective | E80: Enforced via platform configuration; evidenced in the last technical control review. | G80: N/A - Maintain | H80: =IF(G80="N/A - Maintain","",Cover!$B$6+INDEX('Reference Data'!$G$2:$G$5,MATCH(G80,'Reference Data'!$F$2:$F$5,0))) | I80: IT Security Manager | J80: =INDEX('Reference Data'!$D$2:$D$6,MATCH(D80,'Reference Data'!$C$2:$C$6,0)) -> 4
A81: 8.20 | B81: Networks security | C81: Technological | D81: Implemented - Reviewed & Effective | E81: Automated control; evidenced via configuration export and the monitoring dashboard. | G81: N/A - Maintain | H81: =IF(G81="N/A - Maintain","",Cover!$B$6+INDEX('Reference Data'!$G$2:$G$5,MATCH(G81,'Reference Data'!$F$2:$F$5,0))) | I81: IT Security Manager | J81: =INDEX('Reference Data'!$D$2:$D$6,MATCH(D81,'Reference Data'!$C$2:$C$6,0)) -> 4
A82: 8.21 | B82: Security of network services | C82: Technological | D82: Implemented - Not Reviewed | E82: Verified via the most recent penetration test / vulnerability scan report. | F82: Control operating; formal review/re-attestation not yet scheduled. | G82: Low | H82: =IF(G82="N/A - Maintain","",Cover!$B$6+INDEX('Reference Data'!$G$2:$G$5,MATCH(G82,'Reference Data'!$F$2:$F$5,0))) -> 46446 | I82: IT Security Manager | J82: =INDEX('Reference Data'!$D$2:$D$6,MATCH(D82,'Reference Data'!$C$2:$C$6,0)) -> 3
A83: 8.22 | B83: Segregation of networks | C83: Technological | D83: Implemented - Reviewed & Effective | E83: Enforced via platform configuration; evidenced in the last technical control review. | G83: N/A - Maintain | H83: =IF(G83="N/A - Maintain","",Cover!$B$6+INDEX('Reference Data'!$G$2:$G$5,MATCH(G83,'Reference Data'!$F$2:$F$5,0))) | I83: IT Security Manager | J83: =INDEX('Reference Data'!$D$2:$D$6,MATCH(D83,'Reference Data'!$C$2:$C$6,0)) -> 4
A84: 8.23 | B84: Web filtering | C84: Technological | D84: Partially Implemented | F84: Web filtering is enabled for malware categories only; no policy-based category filtering. | G84: Medium | H84: =IF(G84="N/A - Maintain","",Cover!$B$6+INDEX('Reference Data'!$G$2:$G$5,MATCH(G84,'Reference Data'!$F$2:$F$5,0))) -> 46386 | I84: IT Security Manager | J84: =INDEX('Reference Data'!$D$2:$D$6,MATCH(D84,'Reference Data'!$C$2:$C$6,0)) -> 2
A85: 8.24 | B85: Use of cryptography | C85: Technological | D85: Implemented - Reviewed & Effective | E85: Automated control; evidenced via configuration export and the monitoring dashboard. | G85: N/A - Maintain | H85: =IF(G85="N/A - Maintain","",Cover!$B$6+INDEX('Reference Data'!$G$2:$G$5,MATCH(G85,'Reference Data'!$F$2:$F$5,0))) | I85: IT Security Manager | J85: =INDEX('Reference Data'!$D$2:$D$6,MATCH(D85,'Reference Data'!$C$2:$C$6,0)) -> 4
A86: 8.25 | B86: Secure development life cycle | C86: Technological | D86: Implemented - Reviewed & Effective | E86: Verified via the most recent penetration test / vulnerability scan report. | G86: N/A - Maintain | H86: =IF(G86="N/A - Maintain","",Cover!$B$6+INDEX('Reference Data'!$G$2:$G$5,MATCH(G86,'Reference Data'!$F$2:$F$5,0))) | I86: Head of Engineering | J86: =INDEX('Reference Data'!$D$2:$D$6,MATCH(D86,'Reference Data'!$C$2:$C$6,0)) -> 4
A87: 8.26 | B87: Application security requirements | C87: Technological | D87: Implemented - Reviewed & Effective | E87: Enforced via platform configuration; evidenced in the last technical control review. | G87: N/A - Maintain | H87: =IF(G87="N/A - Maintain","",Cover!$B$6+INDEX('Reference Data'!$G$2:$G$5,MATCH(G87,'Reference Data'!$F$2:$F$5,0))) | I87: Head of Engineering | J87: =INDEX('Reference Data'!$D$2:$D$6,MATCH(D87,'Reference Data'!$C$2:$C$6,0)) -> 4
A88: 8.27 | B88: Secure system architecture and engineering principles | C88: Technological | D88: Implemented - Not Reviewed | E88: Automated control; evidenced via configuration export and the monitoring dashboard. | F88: Control operating; formal review/re-attestation not yet scheduled. | G88: Low | H88: =IF(G88="N/A - Maintain","",Cover!$B$6+INDEX('Reference Data'!$G$2:$G$5,MATCH(G88,'Reference Data'!$F$2:$F$5,0))) -> 46446 | I88: Head of Engineering | J88: =INDEX('Reference Data'!$D$2:$D$6,MATCH(D88,'Reference Data'!$C$2:$C$6,0)) -> 3
A89: 8.28 | B89: Secure coding | C89: Technological | D89: Partially Implemented | F89: Secure coding guidelines exist but are not enforced via automated code review or linting. | G89: Medium | H89: =IF(G89="N/A - Maintain","",Cover!$B$6+INDEX('Reference Data'!$G$2:$G$5,MATCH(G89,'Reference Data'!$F$2:$F$5,0))) -> 46386 | I89: Head of Engineering | J89: =INDEX('Reference Data'!$D$2:$D$6,MATCH(D89,'Reference Data'!$C$2:$C$6,0)) -> 2
A90: 8.29 | B90: Security testing in development and acceptance | C90: Technological | D90: Implemented - Reviewed & Effective | E90: Verified via the most recent penetration test / vulnerability scan report. | G90: N/A - Maintain | H90: =IF(G90="N/A - Maintain","",Cover!$B$6+INDEX('Reference Data'!$G$2:$G$5,MATCH(G90,'Reference Data'!$F$2:$F$5,0))) | I90: Head of Engineering | J90: =INDEX('Reference Data'!$D$2:$D$6,MATCH(D90,'Reference Data'!$C$2:$C$6,0)) -> 4
A91: 8.30 | B91: Outsourced development | C91: Technological | D91: Implemented - Reviewed & Effective | E91: Enforced via platform configuration; evidenced in the last technical control review. | G91: N/A - Maintain | H91: =IF(G91="N/A - Maintain","",Cover!$B$6+INDEX('Reference Data'!$G$2:$G$5,MATCH(G91,'Reference Data'!$F$2:$F$5,0))) | I91: Head of Engineering | J91: =INDEX('Reference Data'!$D$2:$D$6,MATCH(D91,'Reference Data'!$C$2:$C$6,0)) -> 4
A92: 8.31 | B92: Separation of development, test, and production environments | C92: Technological | D92: Implemented - Reviewed & Effective | E92: Automated control; evidenced via configuration export and the monitoring dashboard. | G92: N/A - Maintain | H92: =IF(G92="N/A - Maintain","",Cover!$B$6+INDEX('Reference Data'!$G$2:$G$5,MATCH(G92,'Reference Data'!$F$2:$F$5,0))) | I92: Head of Engineering | J92: =INDEX('Reference Data'!$D$2:$D$6,MATCH(D92,'Reference Data'!$C$2:$C$6,0)) -> 4
A93: 8.32 | B93: Change management | C93: Technological | D93: Implemented - Reviewed & Effective | E93: Verified via the most recent penetration test / vulnerability scan report. | G93: N/A - Maintain | H93: =IF(G93="N/A - Maintain","",Cover!$B$6+INDEX('Reference Data'!$G$2:$G$5,MATCH(G93,'Reference Data'!$F$2:$F$5,0))) | I93: Head of Engineering | J93: =INDEX('Reference Data'!$D$2:$D$6,MATCH(D93,'Reference Data'!$C$2:$C$6,0)) -> 4
A94: 8.33 | B94: Test information | C94: Technological | D94: Implemented - Not Reviewed | E94: Enforced via platform configuration; evidenced in the last technical control review. | F94: Control operating; formal review/re-attestation not yet scheduled. | G94: Low | H94: =IF(G94="N/A - Maintain","",Cover!$B$6+INDEX('Reference Data'!$G$2:$G$5,MATCH(G94,'Reference Data'!$F$2:$F$5,0))) -> 46446 | I94: Head of Engineering | J94: =INDEX('Reference Data'!$D$2:$D$6,MATCH(D94,'Reference Data'!$C$2:$C$6,0)) -> 3
A95: 8.34 | B95: Protection of information systems during audit testing | C95: Technological | D95: Implemented - Reviewed & Effective | E95: Automated control; evidenced via configuration export and the monitoring dashboard. | G95: N/A - Maintain | H95: =IF(G95="N/A - Maintain","",Cover!$B$6+INDEX('Reference Data'!$G$2:$G$5,MATCH(G95,'Reference Data'!$F$2:$F$5,0))) | I95: Head of Engineering | J95: =INDEX('Reference Data'!$D$2:$D$6,MATCH(D95,'Reference Data'!$C$2:$C$6,0)) -> 4

Sheet Remediation Roadmap
A1: Remediation Roadmap - Findings Requiring Action
A2: Control ID | B2: Control Name | C2: Gap Description | D2: Priority | E2: Owner | F2: Target Remediation Date | G2: Status
A3: ='Gap Assessment Matrix'!A23 -> 5.21 | B3: ='Gap Assessment Matrix'!B23 -> Managing information security in the ICT supply chain | C3: ='Gap Assessment Matrix'!F23 -> ICT supply chain risk is not assessed separately from general supplier due diligence. | D3: ='Gap Assessment Matrix'!G23 -> High | E3: ='Gap Assessment Matrix'!I23 -> Vendor & Procurement Manager | F3: ='Gap Assessment Matrix'!H23 -> 46326 | G3: Not Started
A4: ='Gap Assessment Matrix'!A30 -> 5.28 | B4: ='Gap Assessment Matrix'!B30 -> Collection of evidence | C4: ='Gap Assessment Matrix'!F30 -> No documented procedure for collection and preservation of evidence following a security incident. | D4: ='Gap Assessment Matrix'!G30 -> High | E4: ='Gap Assessment Matrix'!I30 -> Security Operations Lead | F4: ='Gap Assessment Matrix'!H30 -> 46326 | G4: Not Started
A5: ='Gap Assessment Matrix'!A32 -> 5.30 | B5: ='Gap Assessment Matrix'!B32 -> ICT readiness for business continuity | C5: ='Gap Assessment Matrix'!F32 -> ICT continuity plan not yet aligned to BIA-derived recovery time/point objectives. | D5: ='Gap Assessment Matrix'!G32 -> High | E5: ='Gap Assessment Matrix'!I32 -> Head of GRC | F5: ='Gap Assessment Matrix'!H32 -> 46326 | G5: Not Started
A6: ='Gap Assessment Matrix'!A9 -> 5.7 | B6: ='Gap Assessment Matrix'!B9 -> Threat intelligence | C6: ='Gap Assessment Matrix'!F9 -> No formal threat intelligence process; ad hoc use of vendor security bulletins only. | D6: ='Gap Assessment Matrix'!G9 -> High | E6: ='Gap Assessment Matrix'!I9 -> Head of GRC | F6: ='Gap Assessment Matrix'!H9 -> 46326 | G6: Not Started
A7: ='Gap Assessment Matrix'!A72 -> 8.11 | B7: ='Gap Assessment Matrix'!B72 -> Data masking | C7: ='Gap Assessment Matrix'!F72 -> No data masking applied to production data copied into test/staging environments. | D7: ='Gap Assessment Matrix'!G72 -> High | E7: ='Gap Assessment Matrix'!I72 -> IT Security Manager | F7: ='Gap Assessment Matrix'!H72 -> 46326 | G7: Not Started
A8: ='Gap Assessment Matrix'!A73 -> 8.12 | B8: ='Gap Assessment Matrix'!B73 -> Data leakage prevention | C8: ='Gap Assessment Matrix'!F73 -> No data leakage prevention tooling in place; reliance on manual review and the acceptable use policy only. | D8: ='Gap Assessment Matrix'!G73 -> High | E8: ='Gap Assessment Matrix'!I73 -> IT Security Manager | F8: ='Gap Assessment Matrix'!H73 -> 46326 | G8: Not Started
A9: ='Gap Assessment Matrix'!A77 -> 8.16 | B9: ='Gap Assessment Matrix'!B77 -> Monitoring activities | C9: ='Gap Assessment Matrix'!F77 -> No centralised security monitoring/SIEM capability; log review is manual and inconsistent. | D9: ='Gap Assessment Matrix'!G77 -> High | E9: ='Gap Assessment Matrix'!I77 -> IT Security Manager | F9: ='Gap Assessment Matrix'!H77 -> 46326 | G9: Not Started
A10: ='Gap Assessment Matrix'!A70 -> 8.9 | B10: ='Gap Assessment Matrix'!B70 -> Configuration management | C10: ='Gap Assessment Matrix'!F70 -> No formal secure baseline configuration standard; configurations vary by engineer. | D10: ='Gap Assessment Matrix'!G70 -> High | E10: ='Gap Assessment Matrix'!I70 -> IT Security Manager | F10: ='Gap Assessment Matrix'!H70 -> 46326 | G10: Not Started
A11: ='Gap Assessment Matrix'!A25 -> 5.23 | B11: ='Gap Assessment Matrix'!B25 -> Information security for use of cloud services | C11: ='Gap Assessment Matrix'!F25 -> Cloud vendor security is reviewed at onboarding only; no ongoing cloud security governance process. | D11: ='Gap Assessment Matrix'!G25 -> Medium | E11: ='Gap Assessment Matrix'!I25 -> Head of GRC | F11: ='Gap Assessment Matrix'!H25 -> 46386 | G11: Not Started
A12: ='Gap Assessment Matrix'!A37 -> 5.35 | B12: ='Gap Assessment Matrix'!B37 -> Independent review of information security | C12: ='Gap Assessment Matrix'!F37 -> Last independent ISMS review was 19 months ago; no fixed review cadence is defined. | D12: ='Gap Assessment Matrix'!G37 -> Medium | E12: ='Gap Assessment Matrix'!I37 -> Head of GRC | F12: ='Gap Assessment Matrix'!H37 -> 46386 | G12: Not Started
A13: ='Gap Assessment Matrix'!A46 -> 6.7 | B13: ='Gap Assessment Matrix'!B46 -> Remote working | C13: ='Gap Assessment Matrix'!F46 -> Remote working policy exists but is not technically enforced (e.g. no device posture check). | D13: ='Gap Assessment Matrix'!G46 -> Medium | E13: ='Gap Assessment Matrix'!I46 -> HR Director | F13: ='Gap Assessment Matrix'!H46 -> 46386 | G13: Not Started
A14: ='Gap Assessment Matrix'!A51 -> 7.4 | B14: ='Gap Assessment Matrix'!B51 -> Physical security monitoring | C14: ='Gap Assessment Matrix'!F51 -> CCTV covers the main entrance only; the server room and other secure areas are not monitored. | D14: ='Gap Assessment Matrix'!G51 -> Medium | E14: ='Gap Assessment Matrix'!I51 -> Facilities Manager | F14: ='Gap Assessment Matrix'!H51 -> 46386 | G14: Not Started
A15: ='Gap Assessment Matrix'!A56 -> 7.9 | B15: ='Gap Assessment Matrix'!B56 -> Security of assets off-premises | C15: ='Gap Assessment Matrix'!F56 -> No formal register of assets used off-premises; reliant on employee self-reporting. | D15: ='Gap Assessment Matrix'!G56 -> Medium | E15: ='Gap Assessment Matrix'!I56 -> Facilities Manager | F15: ='Gap Assessment Matrix'!H56 -> 46386 | G15: Not Started
A16: ='Gap Assessment Matrix'!A71 -> 8.10 | B16: ='Gap Assessment Matrix'!B71 -> Information deletion | C16: ='Gap Assessment Matrix'!F71 -> Deletion occurs on request (e.g. DSAR) but there is no scheduled deletion against the retention schedule. | D16: ='Gap Assessment Matrix'!G71 -> Medium | E16: ='Gap Assessment Matrix'!I71 -> IT Security Manager | F16: ='Gap Assessment Matrix'!H71 -> 46386 | G16: Not Started
A17: ='Gap Assessment Matrix'!A84 -> 8.23 | B17: ='Gap Assessment Matrix'!B84 -> Web filtering | C17: ='Gap Assessment Matrix'!F84 -> Web filtering is enabled for malware categories only; no policy-based category filtering. | D17: ='Gap Assessment Matrix'!G84 -> Medium | E17: ='Gap Assessment Matrix'!I84 -> IT Security Manager | F17: ='Gap Assessment Matrix'!H84 -> 46386 | G17: Not Started
A18: ='Gap Assessment Matrix'!A89 -> 8.28 | B18: ='Gap Assessment Matrix'!B89 -> Secure coding | C18: ='Gap Assessment Matrix'!F89 -> Secure coding guidelines exist but are not enforced via automated code review or linting. | D18: ='Gap Assessment Matrix'!G89 -> Medium | E18: ='Gap Assessment Matrix'!I89 -> Head of Engineering | F18: ='Gap Assessment Matrix'!H89 -> 46386 | G18: Not Started
A19: ='Gap Assessment Matrix'!A69 -> 8.8 | B19: ='Gap Assessment Matrix'!B69 -> Management of technical vulnerabilities | C19: ='Gap Assessment Matrix'!F69 -> Vulnerability scanning is performed quarterly; no formal SLA for remediation by severity. | D19: ='Gap Assessment Matrix'!G69 -> Medium | E19: ='Gap Assessment Matrix'!I69 -> IT Security Manager | F19: ='Gap Assessment Matrix'!H69 -> 46386 | G19: Not Started

Sheet Reference Data
A1: Maturity Label | B1: (unused) | C1: Maturity Label | D1: Score | F1: Priority | G1: Remediation Days
C2: Not Implemented | D2: 0 | F2: High | G2: 60
C3: Ad Hoc | D3: 1 | F3: Medium | G3: 120
C4: Partially Implemented | D4: 2 | F4: Low | G4: 180
C5: Implemented - Not Reviewed | D5: 3 | F5: N/A - Maintain
C6: Implemented - Reviewed & Effective | D6: 4
